Mean_Z,Std_Z,Type
39.12820512820513,430.3884524159651,Glissade
35.83783783783784,371.2944708504075,Glissade
-4.888888888888889,264.22888106204744,Glissade
-77.47727272727273,293.82224405134093,Glissade
-77.9375,385.1782348554796,Glissade
51.13513513513514,421.7951821390041,Glissade
-14.30232558139535,287.9746628143426,Glissade
-51.29545454545455,439.598314508135,Glissade
0.7090909090909091,301.73925908204336,Glissade
-23.272727272727273,246.7146325951808,Glissade
