Mean_Z,Std_Z,Type
-93.375,541.9235298263835,Jete
40.63414634146341,564.8618307204675,Jete
-55.67567567567568,578.8131560958767,Jete
-15.405405405405405,582.5309462194291,Jete
-70.02898550724638,382.8502998414153,Jete
-27.853658536585368,534.5639139043903,Jete
61.95,481.3367577476026,Jete
-5.553191489361702,577.8328631718102,Jete
-13.945945945945946,661.6028493970762,Jete
80.525,456.0595433178457,Jete
